City ID,City,Country,Lat,Lng,Max Temp,Humidity,Cloudiness,Wind Speed,Current Description,Rain (inches),Snow (inches)
0,New Norfolk,AU,-42.7826,147.0587,50.0,84,99,2.91,overcast clouds,0.0,0.0
1,Naryan-Mar,RU,67.6713,53.087,38.82,90,88,10.16,overcast clouds,0.0,0.0
2,Faanui,PF,-16.4833,-151.75,80.01,74,100,7.63,light rain,0.97,0.0
3,Richards Bay,ZA,-28.783,32.0377,69.17,85,70,11.97,light rain,0.37,0.0
4,Albany,US,42.6001,-73.9662,70.0,17,57,3.0,broken clouds,0.0,0.0
5,Ocampo,MX,21.65,-101.5,84.0,50,95,8.7,overcast clouds,0.0,0.0
6,Punta Arenas,CL,-53.15,-70.9167,51.8,71,75,16.11,broken clouds,0.0,0.0
7,Rikitea,PF,-23.1203,-134.9692,78.58,70,99,16.15,overcast clouds,0.0,0.0
8,Moranbah,AU,-22.0016,148.0466,65.17,81,100,13.56,overcast clouds,0.0,0.0
9,Port Alfred,ZA,-33.5906,26.891,67.75,84,53,9.86,broken clouds,0.0,0.0
10,Puerto Ayora,EC,-0.7393,-90.3518,80.6,74,75,16.11,broken clouds,0.0,0.0
11,Vaini,TO,-21.2,-175.2,69.8,100,20,6.22,mist,0.0,0.0
12,Pisco,PE,-13.7,-76.2167,70.0,78,0,10.36,clear sky,0.0,0.0
13,Hobart,AU,-42.8794,147.3294,50.0,71,75,8.05,broken clouds,0.0,0.0
14,Upernavik,GL,72.7868,-56.1549,34.16,85,40,5.99,scattered clouds,0.0,0.0
15,Dikson,RU,73.5069,80.5464,11.19,88,88,15.68,overcast clouds,0.0,0.0
16,Alofi,NU,-19.0595,-169.9187,71.6,100,69,1.14,light rain,0.17,0.0
17,Kloulklubed,PW,7.0419,134.2556,82.4,78,75,11.5,broken clouds,0.0,0.0
18,Lenti,HU,46.624,16.5386,60.8,36,0,4.61,clear sky,0.0,0.0
19,Pilar,BR,-9.5972,-35.9567,86.0,66,20,9.22,few clouds,0.0,0.0
20,Mataura,NZ,-46.1927,168.8643,51.01,74,59,8.99,broken clouds,0.0,0.0
21,Hamilton,US,39.1834,-84.5333,54.0,71,90,5.75,moderate rain,2.44,0.0
22,Khani,GE,41.9563,42.9566,55.4,82,0,4.61,clear sky,0.0,0.0
23,Cascais,PT,38.6979,-9.4215,64.99,77,20,11.5,few clouds,0.0,0.0
24,Kieta,PG,-6.2167,155.6333,78.87,82,71,1.63,broken clouds,0.0,0.0
25,Santa Rosa,PH,14.3122,121.1114,81.0,78,20,3.78,few clouds,0.0,0.0
26,Walvis Bay,NA,-22.9575,14.5053,60.8,82,17,10.36,few clouds,0.0,0.0
27,Saint Anthony,US,45.0205,-93.218,42.01,65,90,14.97,overcast clouds,0.0,0.0
28,Victoria,HK,22.2855,114.1577,77.0,87,45,3.0,scattered clouds,0.0,0.0
29,Gat,IL,31.61,34.7642,70.0,100,5,1.95,clear sky,0.0,0.0
30,Ponta Do Sol,PT,32.6667,-17.1,66.2,63,40,8.05,scattered clouds,0.0,0.0
31,Dargaville,NZ,-35.9333,173.8833,57.2,78,64,8.3,broken clouds,0.0,0.0
32,Nikolskoye,RU,59.7035,30.7861,42.01,60,20,2.24,few clouds,0.0,0.0
33,Taikang,CN,46.8333,124.4167,43.74,28,0,4.7,clear sky,0.0,0.0
34,Nha Trang,VN,12.25,109.1833,80.6,78,20,2.3,few clouds,0.0,0.0
35,Kahului,US,20.8947,-156.47,71.6,100,40,12.66,light rain,0.51,0.0
36,Busselton,AU,-33.65,115.3333,52.0,88,0,1.86,clear sky,0.0,0.0
37,Jamestown,US,42.097,-79.2353,62.01,30,1,13.8,clear sky,0.0,0.0
38,Muscat,OM,23.6139,58.5922,89.26,37,1,8.55,clear sky,0.0,0.0
39,Remontnoye,RU,46.5614,43.6501,53.6,66,0,15.66,clear sky,0.0,0.0
40,Hasaki,JP,35.7333,140.8333,50.0,100,20,3.44,fog,0.0,0.0
41,Chuy,UY,-33.6971,-53.4616,71.82,69,100,7.2,overcast clouds,0.0,0.0
42,Pevek,RU,69.7008,170.3133,17.11,88,100,2.39,overcast clouds,0.0,0.0
43,Arlit,NE,18.7369,7.3853,96.51,6,7,7.61,clear sky,0.0,0.0
44,Port Elizabeth,ZA,-33.918,25.5701,57.2,100,0,8.05,clear sky,0.0,0.0
45,Whitehorse,CA,60.7161,-135.0538,43.0,48,20,8.05,few clouds,0.0,0.0
46,Ushuaia,AR,-54.8,-68.3,55.4,58,75,12.66,broken clouds,0.0,0.0
47,Hermanus,ZA,-34.4187,19.2345,62.01,80,98,1.01,overcast clouds,0.0,0.0
48,Hoquiam,US,46.9809,-123.8893,50.0,100,90,4.65,light rain,0.84,0.0
49,Ilulissat,GL,69.2167,-51.1,41.0,60,40,3.44,scattered clouds,0.0,0.0
50,Butaritari,KI,3.0707,172.7902,82.44,76,96,11.7,overcast clouds,0.0,0.0
51,Rudbar,AF,30.15,62.6,79.97,7,0,7.9,clear sky,0.0,0.0
52,Saint-Pierre,RE,-21.3393,55.4781,78.8,83,75,27.63,light rain,0.21,0.0
53,East London,ZA,-33.0153,27.9116,64.4,88,0,4.61,clear sky,0.0,0.0
54,Provideniya,RU,64.3833,-173.3,33.84,86,89,1.07,overcast clouds,0.0,0.0
55,Beringovskiy,RU,63.05,179.3167,29.39,97,95,4.72,overcast clouds,0.0,0.0
56,Codrington,AU,-38.2667,141.9667,50.88,92,100,6.15,overcast clouds,0.0,0.0
57,Kapaa,US,22.0752,-159.319,75.99,73,40,16.11,scattered clouds,0.0,0.0
58,Katsuura,JP,35.1333,140.3,60.8,67,0,13.8,clear sky,0.0,0.0
59,Vetlanda,SE,57.4289,15.0776,44.01,36,84,11.5,broken clouds,0.0,0.0
60,Airai,TL,-8.9266,125.4092,56.98,92,30,2.48,scattered clouds,0.0,0.0
61,El Molino,CO,10.6523,-72.924,94.32,42,74,6.33,broken clouds,0.0,0.0
62,Santa Maria,BR,-29.6842,-53.8069,66.2,94,90,3.44,light rain,0.56,0.0
63,Bluff,NZ,-46.6,168.3333,51.01,74,82,8.99,moderate rain,2.05,0.0
64,Marzuq,YE,14.4,46.4667,72.64,67,20,8.14,few clouds,0.0,0.0
65,Saskylakh,RU,71.9167,114.0833,32.41,92,100,12.68,overcast clouds,0.0,0.0
66,Sorland,NO,67.667,12.6934,37.49,56,86,20.83,overcast clouds,0.0,0.0
67,Valdemarpils,LV,57.3707,22.5919,37.4,81,90,14.97,overcast clouds,0.0,0.0
68,Faya,SA,18.3851,42.4509,59.0,72,75,16.11,drizzle,0.0,0.0
69,Honiara,SB,-9.4333,159.95,78.12,84,85,2.62,overcast clouds,0.0,0.0
70,Khandyga,RU,62.6667,135.6,-0.67,100,53,2.28,broken clouds,0.0,0.0
71,Rio Brilhante,BR,-21.8019,-54.5464,94.93,20,51,3.78,broken clouds,0.0,0.0
72,Parfenyevo,RU,58.484,43.4088,47.71,76,87,12.62,overcast clouds,0.0,0.0
73,Mahebourg,MU,-20.4081,57.7,78.8,89,75,14.97,light rain,0.8,0.0
74,Bredasdorp,ZA,-34.5322,20.0403,55.4,88,96,4.61,overcast clouds,0.0,0.0
75,Kodiak,US,57.79,-152.4072,42.8,87,90,2.68,overcast clouds,0.0,0.0
76,Cidreira,BR,-30.1811,-50.2056,74.5,69,25,13.44,scattered clouds,0.0,0.0
77,Carnarvon,AU,-24.8667,113.6333,62.6,94,0,6.91,clear sky,0.0,0.0
78,Yellowknife,CA,62.456,-114.3525,17.01,57,40,12.66,scattered clouds,0.0,0.0
79,Qinhuangdao,CN,39.9317,119.5883,51.8,62,23,8.95,few clouds,0.0,0.0
80,Leningradskiy,RU,69.3833,178.4167,19.38,93,100,4.38,overcast clouds,0.0,0.0
81,Paamiut,GL,61.994,-49.6678,38.7,72,81,10.11,broken clouds,0.0,0.0
82,Fortuna,US,40.5982,-124.1573,54.0,87,90,8.05,overcast clouds,0.1,0.0
83,Bengkulu,ID,-3.8004,102.2655,75.72,89,98,3.98,overcast clouds,0.0,0.0
84,Shelburne,CA,44.0787,-80.2041,63.0,30,54,9.15,broken clouds,0.0,0.0
85,Fort Wellington,GY,6.4,-57.6,78.44,85,88,12.88,moderate rain,1.538,0.0
86,Arenapolis,BR,-14.4503,-56.8461,86.72,57,44,0.94,scattered clouds,0.0,0.0
87,Norman Wells,CA,65.282,-126.8329,30.2,64,75,3.44,broken clouds,0.0,0.0
88,Xuddur,SO,4.1213,43.8894,80.83,61,84,4.72,broken clouds,0.0,0.0
89,Atuona,PF,-9.8,-139.0333,80.65,73,25,21.23,scattered clouds,0.0,0.0
90,Pecos,US,31.4229,-103.4932,71.01,24,1,3.44,clear sky,0.0,0.0
91,Hithadhoo,MV,-0.6,73.0833,83.5,70,46,7.81,scattered clouds,0.0,0.0
92,Nouadhibou,MR,20.931,-17.0347,71.6,68,0,24.16,clear sky,0.0,0.0
93,Hay River,CA,60.8156,-115.7999,19.4,63,98,10.36,overcast clouds,0.0,0.0
94,Saint-Joseph,RE,-21.3667,55.6167,78.8,83,75,27.63,light rain,0.68,0.0
95,Esperance,AU,-33.8667,121.9,59.0,77,88,12.66,overcast clouds,0.0,0.0
96,Baie-Comeau,CA,49.2168,-68.1489,48.2,53,90,10.36,overcast clouds,0.0,0.0
97,Iralaya,HN,15.0,-83.2333,87.8,70,40,9.22,scattered clouds,0.0,0.0
98,Singapore,SG,1.2897,103.8501,78.8,89,75,1.99,broken clouds,0.0,0.0
99,Chokurdakh,RU,70.6333,147.9167,-15.03,98,15,3.85,few clouds,0.0,0.0
100,Mar Del Plata,AR,-38.0023,-57.5575,66.2,63,40,12.66,scattered clouds,0.0,0.0
101,Hilo,US,19.7297,-155.09,69.8,88,90,3.44,moderate rain,3.3,0.0
102,Cabo San Lucas,MX,22.8909,-109.9124,82.0,41,1,11.5,clear sky,0.0,0.0
103,Georgetown,MY,5.4112,100.3354,82.0,89,40,4.61,scattered clouds,0.0,0.0
104,Beysehir,TR,37.6773,31.7246,61.54,48,76,0.51,broken clouds,0.0,0.0
105,Nguru,NG,12.8791,10.4526,97.21,11,46,5.86,scattered clouds,0.0,0.0
106,Bambous Virieux,MU,-20.3428,57.7575,79.0,89,75,14.97,light rain,0.81,0.0
107,Lompoc,US,34.6391,-120.4579,55.4,67,33,6.91,scattered clouds,0.0,0.0
108,Bauska,LV,56.4075,24.1906,35.6,80,75,6.91,broken clouds,0.0,0.0
109,Elban,RU,50.1018,136.5094,32.5,80,97,13.69,overcast clouds,0.0,0.0
110,Seydi,TM,39.4816,62.9137,77.9,24,90,6.55,overcast clouds,0.0,0.0
111,Charters Towers,AU,-20.1,146.2667,65.17,90,100,9.17,overcast clouds,0.0,0.0
112,Tuktoyaktuk,CA,69.4541,-133.0374,21.2,73,75,4.61,broken clouds,0.0,0.0
113,Ostrovnoy,RU,68.0531,39.5131,36.43,99,100,3.69,overcast clouds,0.0,0.0
114,Xinpu,CN,34.5997,119.1594,53.78,95,100,8.81,overcast clouds,0.0,0.0
115,Ilhabela,BR,-23.7781,-45.3581,76.44,70,27,5.48,scattered clouds,0.0,0.0
116,Shenjiamen,CN,29.9576,122.298,61.05,90,100,6.93,overcast clouds,0.0,0.0
117,Severo-Kurilsk,RU,50.6789,156.125,34.95,95,100,4.25,overcast clouds,0.0,0.0
118,Arraial Do Cabo,BR,-22.9661,-42.0278,78.8,73,20,12.66,few clouds,0.0,0.0
119,Lebu,CL,-37.6167,-73.65,57.81,68,2,17.27,clear sky,0.0,0.0
120,Campo Maior,BR,-4.8278,-42.1686,86.49,66,77,4.12,broken clouds,0.0,0.0
121,Flin Flon,CA,54.7682,-101.865,28.4,40,40,4.61,scattered clouds,0.0,0.0
122,Kattivakkam,IN,13.2167,80.3167,84.2,74,40,4.61,haze,0.0,0.0
123,Kalamazoo,US,42.2506,-85.55,50.0,81,90,5.75,moderate rain,3.16,0.0
124,Luwuk,ID,-0.9516,122.7875,78.19,74,88,4.29,overcast clouds,0.0,0.0
125,Qaanaaq,GL,77.484,-69.3632,28.17,66,99,7.29,overcast clouds,0.0,0.0
126,King City,US,36.2127,-121.126,55.99,12,100,8.01,overcast clouds,0.0,0.0
127,Sao Joao Da Barra,BR,-21.6403,-41.0511,86.0,51,40,4.61,scattered clouds,0.0,0.0
128,Muros,ES,42.7762,-9.0603,66.99,74,100,4.0,overcast clouds,0.0,0.0
129,Rolla,US,37.9514,-91.7713,54.0,94,90,13.8,overcast clouds,0.0,0.0
130,Beyneu,KZ,45.3167,55.2,63.32,37,94,7.02,overcast clouds,0.0,0.0
131,San Policarpo,PH,12.1791,125.5072,77.32,86,86,4.74,overcast clouds,0.0,0.0
132,Cape Town,ZA,-33.9258,18.4232,63.0,77,0,13.8,clear sky,0.0,0.0
133,Poya,NC,-21.35,165.15,74.28,90,100,7.02,overcast clouds,0.0,0.0
134,Denpasar,ID,-8.65,115.2167,80.6,89,20,5.75,few clouds,0.0,0.0
135,Ulladulla,AU,-35.35,150.4667,53.6,71,90,3.44,overcast clouds,0.0,0.0
136,San Jose,US,37.3394,-121.895,63.0,55,75,2.64,broken clouds,0.0,0.0
137,Kruisfontein,ZA,-34.0033,24.7314,60.01,92,90,1.99,overcast clouds,0.0,0.0
138,Rawson,AR,-43.3002,-65.1023,60.01,45,9,1.16,clear sky,0.0,0.0
139,Nome,US,64.5011,-165.4064,33.8,75,20,3.62,few clouds,0.0,0.0
140,Castro,BR,-24.7911,-50.0119,73.76,49,7,6.06,clear sky,0.0,0.0
141,Narsaq,GL,60.9167,-46.05,57.2,30,75,29.93,broken clouds,0.0,0.0
142,Saint-Philippe,RE,-21.3585,55.7679,78.8,83,75,27.63,moderate rain,1.25,0.0
143,Umred,IN,20.85,79.3333,86.0,23,20,6.08,haze,0.0,0.0
144,Sawakin,SD,19.1059,37.3321,84.63,57,62,6.73,broken clouds,0.0,0.0
145,Bangassou,CF,4.7413,22.8184,75.06,75,98,1.3,overcast clouds,0.0,0.0
146,Kaka,TM,37.3482,59.6143,72.19,41,87,4.03,overcast clouds,0.0,0.0
147,Kavieng,PG,-2.5744,150.7967,80.82,79,83,6.91,moderate rain,1.11,0.0
148,Poum,NC,-20.2333,164.0167,78.28,81,97,14.2,overcast clouds,0.0,0.0
149,Katangli,RU,51.7102,143.2326,22.21,86,18,7.34,few clouds,0.0,0.0
150,Port Alberni,CA,49.2413,-124.8028,48.99,86,100,1.77,overcast clouds,0.0,0.0
151,Coquimbo,CL,-29.9533,-71.3436,64.4,68,0,13.8,clear sky,0.0,0.0
152,Perpignan,FR,42.75,2.75,63.0,55,0,13.8,clear sky,0.0,0.0
153,Barrow,US,71.2906,-156.7887,24.8,80,1,3.13,clear sky,0.0,0.0
154,Katherine,AU,-14.4667,132.2667,60.8,63,88,3.44,overcast clouds,0.0,0.0
155,Yarada,IN,17.65,83.2667,82.4,78,40,2.3,mist,0.0,0.0
156,Tevriz,RU,57.509,72.4042,42.13,55,100,4.43,overcast clouds,0.0,0.0
157,Dzilam Gonzalez,MX,21.2833,-88.9333,93.78,36,100,9.95,overcast clouds,0.0,0.0
158,Avarua,CK,-21.2078,-159.775,78.8,73,20,12.66,few clouds,0.0,0.0
159,Saldanha,ZA,-33.0117,17.9442,66.2,55,94,6.91,overcast clouds,0.0,0.0
160,Korla,CN,41.7597,86.1469,50.83,46,16,9.73,few clouds,0.0,0.0
161,Tiksi,RU,71.6872,128.8694,30.79,93,100,12.12,overcast clouds,0.0,0.0
162,Port Blair,IN,11.6667,92.75,81.93,75,35,7.11,scattered clouds,0.0,0.0
163,Alice Springs,AU,-23.7,133.8833,46.4,71,2,8.05,clear sky,0.0,0.0
164,Marienburg,PL,54.0359,19.0266,42.01,45,59,1.5,broken clouds,0.0,0.0
165,Clyde River,CA,70.4692,-68.5914,15.8,100,75,4.61,broken clouds,0.0,0.0
166,Mount Gambier,AU,-37.8333,140.7667,50.0,100,75,8.05,broken clouds,0.0,0.0
167,Isangel,VU,-19.55,169.2667,77.25,80,86,9.86,overcast clouds,0.0,0.0
168,Ribeira Grande,PT,38.5167,-28.7,60.8,67,75,18.41,broken clouds,0.0,0.0
169,Simao,CN,22.7886,100.9748,70.02,34,16,0.74,few clouds,0.0,0.0
170,Baykit,RU,61.67,96.37,32.34,96,100,2.37,overcast clouds,0.0,0.0
171,Constitucion,CL,-35.3333,-72.4167,65.5,55,0,15.37,clear sky,0.0,0.0
172,Ormara,PK,25.2088,64.6357,81.05,81,0,4.32,clear sky,0.0,0.0
173,Thompson,CA,55.7435,-97.8558,23.0,54,90,4.18,light snow,0.0,0.13
174,Atar,MR,20.5169,-13.0499,96.48,9,0,16.22,clear sky,0.0,0.0
175,Luderitz,NA,-26.6481,15.1594,62.01,87,1,5.44,clear sky,0.0,0.0
176,Kitale,KE,1.0157,35.0062,59.76,90,99,2.08,light rain,0.13,0.0
177,Kawalu,ID,-7.3817,108.2082,70.74,96,89,1.25,overcast clouds,0.0,0.0
178,Tuatapere,NZ,-46.1333,167.6833,51.01,74,88,8.99,light rain,0.21,0.0
179,Berdigestyakh,RU,62.0989,126.6992,28.18,97,96,5.82,light snow,0.0,0.31
180,Beloha,MG,-25.1667,45.05,75.51,65,0,12.37,clear sky,0.0,0.0
181,Tanabe,JP,33.7333,135.3667,54.3,87,8,3.89,clear sky,0.0,0.0
182,Kurilsk,RU,45.2333,147.8833,32.43,95,100,9.01,snow,0.0,0.5356000000000001
183,Goderich,CA,43.7501,-81.7165,57.2,35,77,9.22,broken clouds,0.0,0.0
184,Vila Franca Do Campo,PT,37.7167,-25.4333,59.0,88,75,17.27,broken clouds,0.0,0.0
185,Khartoum,SD,15.5518,32.5324,96.01,21,13,9.55,few clouds,0.0,0.0
186,Powell River,CA,49.8496,-124.5361,50.0,93,90,2.3,mist,0.0,0.0
187,Saint George,US,37.1041,-113.5841,78.01,16,1,9.22,clear sky,0.0,0.0
188,Namie,JP,37.4833,141.0,57.0,66,86,5.48,overcast clouds,0.0,0.0
189,Longyearbyen,SJ,78.2186,15.6401,26.6,63,75,4.61,broken clouds,0.0,0.0
190,Thinadhoo,MV,0.5333,72.9333,83.01,68,24,6.31,few clouds,0.0,0.0
191,Cherskiy,RU,68.75,161.3,21.24,96,100,9.69,overcast clouds,0.0,0.0
192,Key Largo,US,25.0865,-80.4473,82.99,64,85,8.99,overcast clouds,0.0,0.0
193,Xiropotamos,GR,41.2,24.1,57.2,82,75,1.88,broken clouds,0.0,0.0
194,Biak,ID,-0.9131,122.8766,77.29,76,75,5.79,broken clouds,0.0,0.0
195,Bayan,CN,46.0833,127.4,41.81,31,0,8.37,clear sky,0.0,0.0
196,Taitung,TW,22.7583,121.1444,73.2,83,99,5.57,overcast clouds,0.0,0.0
197,Mishan,CN,45.55,131.8833,36.99,45,0,7.45,clear sky,0.0,0.0
198,Bethel,US,41.3712,-73.414,70.0,23,1,8.05,clear sky,0.0,0.0
199,Mackay,AU,-21.15,149.2,68.0,94,75,5.75,broken clouds,0.0,0.0
200,Kavaratti,IN,10.5669,72.642,84.38,74,19,7.38,few clouds,0.0,0.0
201,Batemans Bay,AU,-35.7167,150.1833,53.01,90,74,1.99,broken clouds,0.0,0.0
202,Salinas,US,36.6777,-121.6555,60.8,62,75,6.91,broken clouds,0.0,0.0
203,Helong,CN,42.5397,128.9972,36.3,47,0,5.08,clear sky,0.0,0.0
204,Byron Bay,AU,-28.65,153.6167,54.0,94,83,5.59,broken clouds,0.0,0.0
205,Mpika,ZM,-11.8343,31.4529,59.22,92,30,3.06,scattered clouds,0.0,0.0
206,Xiamen,CN,24.4798,118.0819,73.4,68,75,13.42,light rain,0.11,0.0
207,Semirom,IR,31.4167,51.5667,59.34,24,82,3.15,broken clouds,0.0,0.0
208,Vilhena,BR,-12.7406,-60.1458,84.2,61,75,9.22,broken clouds,0.0,0.0
209,Kondinskoye,RU,59.6481,67.41,44.83,61,100,3.91,overcast clouds,0.0,0.0
210,Nazarovo,RU,56.0064,90.3914,32.31,98,100,2.68,overcast clouds,0.0,0.0
211,Sitka,US,57.0531,-135.33,51.8,40,1,5.75,clear sky,0.0,0.0
212,Krasnyy Kut,RU,50.95,46.9667,46.56,76,62,16.08,broken clouds,0.0,0.0
213,Urengoy,RU,65.9667,78.3667,32.68,98,100,5.64,overcast clouds,0.0,0.0
214,Anderson,US,34.5334,-82.6499,57.2,94,90,10.36,light rain,0.18,0.0
215,Guiren,CN,33.6697,118.1889,53.78,91,100,9.55,moderate rain,1.1888,0.0
216,Herend,HU,47.1333,17.75,57.2,38,0,4.61,clear sky,0.0,0.0
217,Aklavik,CA,68.2191,-135.0107,30.2,69,20,2.3,few clouds,0.0,0.0
218,Mizdah,LY,31.4451,12.9801,63.86,51,0,15.05,clear sky,0.0,0.0
219,Porto Novo,BJ,6.4965,2.6036,86.0,74,40,13.8,scattered clouds,0.0,0.0
220,Shingu,JP,33.7333,135.9833,53.19,88,5,4.76,clear sky,0.0,0.0
221,Poddorye,RU,57.4695,31.1156,36.0,84,99,7.14,overcast clouds,0.0,0.0
222,Roald,NO,62.5833,6.1333,39.2,60,20,8.05,few clouds,0.0,0.0
223,Sibolga,ID,1.7427,98.7792,74.21,94,100,4.52,moderate rain,1.1068,0.0
224,Khatanga,RU,71.9667,102.5,32.23,97,100,17.07,light snow,0.0,0.13
225,Paracuru,BR,-3.41,-39.0306,82.99,76,54,20.0,moderate rain,1.54,0.0
226,Kuusamo,FI,65.9667,29.1833,35.6,80,90,3.44,overcast clouds,0.0,0.0
227,Mbandaka,CD,0.0487,18.2603,72.7,88,64,4.85,broken clouds,0.0,0.0
228,Muborak,UZ,39.2553,65.1528,75.83,20,97,5.23,overcast clouds,0.0,0.0
229,Kaitangata,NZ,-46.2817,169.8464,43.0,88,45,3.0,scattered clouds,0.0,0.0
230,Victor Harbor,AU,-35.5667,138.6167,59.0,83,26,4.88,scattered clouds,0.0,0.0
231,Parrita,CR,9.5201,-84.3225,82.4,51,40,11.5,scattered clouds,0.0,0.0
232,Axim,GH,4.8699,-2.2405,82.87,79,94,8.68,light rain,0.3,0.0
233,Hargeysa,SO,9.56,44.065,75.02,56,56,12.73,broken clouds,0.0,0.0
234,Talara,PE,-4.5772,-81.2719,84.2,54,0,16.11,clear sky,0.0,0.0
235,Nanortalik,GL,60.1432,-45.2371,40.82,77,100,7.47,overcast clouds,0.0,0.0
236,Lloydminster,CA,53.2835,-110.0016,37.4,32,40,5.75,scattered clouds,0.0,0.0
237,Mount Isa,AU,-20.7333,139.5,69.8,30,8,5.75,light rain,0.12,0.0
238,Mayor Pablo Lagerenza,PY,-19.9309,-60.7718,74.44,90,99,7.96,overcast clouds,0.0,0.0
239,Lorengau,PG,-2.0226,147.2712,80.58,77,69,3.74,broken clouds,0.0,0.0
240,Praia Da Vitoria,PT,38.7333,-27.0667,60.8,82,75,29.39,broken clouds,0.0,0.0
241,Kantunil,MX,20.8,-89.0333,98.01,38,75,19.57,broken clouds,0.0,0.0
242,Geraldton,AU,-28.7667,114.6,60.8,94,40,5.75,scattered clouds,0.0,0.0
243,Torbay,CA,47.6666,-52.7314,51.8,37,75,28.77,broken clouds,0.0,0.0
244,Cayenne,GF,4.9333,-52.3333,78.8,89,40,5.75,scattered clouds,0.0,0.0
245,Voyvozh,RU,62.892,54.9635,46.13,72,93,6.93,overcast clouds,0.0,0.0
246,San Pedro,PH,14.35,121.0167,81.0,78,20,3.94,few clouds,0.0,0.0
247,Yulara,AU,-25.2406,130.9889,53.6,58,62,6.91,broken clouds,0.0,0.0
248,Rabo De Peixe,PT,37.8,-25.5833,59.0,88,75,17.27,broken clouds,0.0,0.0
249,Marshall,US,34.3834,-86.3333,62.01,94,90,8.05,overcast clouds,0.0,0.0
250,Presidencia Roque Saenz Pena,AR,-26.7852,-60.4388,71.01,93,100,1.99,overcast clouds,0.0,0.0
251,Correntina,BR,-13.3433,-44.6367,92.37,31,27,2.37,scattered clouds,0.0,0.0
252,Palmer,US,42.1584,-72.3287,69.8,18,75,10.36,broken clouds,0.0,0.0
253,Gawler,AU,-34.6,138.7333,53.01,89,0,5.01,clear sky,0.0,0.0
254,Campeche,MX,19.0,-90.5,99.21,31,87,7.25,overcast clouds,0.0,0.0
255,Tasiilaq,GL,65.6145,-37.6368,37.4,75,75,4.61,broken clouds,0.0,0.0
256,Gigmoto,PH,13.7796,124.39,77.05,86,49,5.75,scattered clouds,0.0,0.0
257,Onguday,RU,50.75,86.15,25.88,86,95,2.26,overcast clouds,0.0,0.0
258,Vardo,NO,70.3705,31.1107,33.33,91,100,22.7,light snow,0.0,0.205
259,Kropotkin,RU,45.4375,40.5756,47.14,71,68,7.7,broken clouds,0.0,0.0
260,Auki,SB,-8.7676,160.7034,77.25,86,90,2.53,overcast clouds,0.0,0.0
261,Kainantu,PG,-6.2887,145.8655,60.57,96,96,0.27,overcast clouds,0.0,0.0
262,Ampanihy,MG,-24.7,44.75,71.53,71,44,2.98,scattered clouds,0.0,0.0
263,Ola,RU,59.5833,151.2833,16.03,68,98,15.57,overcast clouds,0.0,0.0
264,San Roque,ES,36.2107,-5.3842,62.6,82,90,17.27,light rain,0.37,0.0
265,Kungurtug,RU,50.5994,97.5228,19.18,93,77,2.35,broken clouds,0.0,0.0
266,Setermoen,NO,68.861,18.3486,32.0,55,89,5.75,overcast clouds,0.0,0.0
267,Cap-Aux-Meules,CA,47.3821,-61.8597,41.0,81,27,18.41,scattered clouds,0.0,0.0
268,Dicabisagan,PH,17.0818,122.4157,76.1,85,84,5.99,broken clouds,0.0,0.0
269,Lincoln,US,40.8,-96.667,55.99,47,1,13.8,clear sky,0.0,0.0
270,Mansoa,GW,12.0733,-15.3189,91.4,52,0,11.5,clear sky,0.0,0.0
271,Obo,CF,5.3998,26.4869,69.04,95,100,7.99,moderate rain,1.91,0.0
272,Samarai,PG,-10.6167,150.6667,81.93,80,95,12.91,overcast clouds,0.0,0.0
273,Port Hardy,CA,50.6996,-127.4199,46.4,93,90,3.44,light rain,0.13,0.0
274,Kendari,ID,-3.945,122.4989,74.88,92,12,3.0,few clouds,0.0,0.0
275,Lovozero,RU,68.005,35.0117,33.03,97,100,3.38,overcast clouds,0.0,0.0
276,Misratah,LY,32.3754,15.0925,62.94,74,11,17.67,few clouds,0.0,0.0
277,Bakonyszentlaszlo,HU,47.389,17.8032,57.2,38,0,4.61,clear sky,0.0,0.0
278,Xichang,CN,27.8964,102.2634,61.48,77,1,3.36,clear sky,0.0,0.0
279,Ubaira,BR,-13.2681,-39.6628,79.83,75,55,6.11,broken clouds,0.0,0.0
280,Bani Walid,LY,31.7566,13.9942,64.98,52,0,16.15,clear sky,0.0,0.0
281,Bathsheba,BB,13.2167,-59.5167,86.0,54,20,19.57,few clouds,0.0,0.0
282,Saint-Ambroise,CA,48.5501,-71.3324,59.0,26,21,17.27,few clouds,0.0,0.0
283,Guerrero Negro,MX,27.9769,-114.0611,66.4,58,26,14.41,scattered clouds,0.0,0.0
284,Brae,GB,60.3964,-1.353,44.6,76,62,8.05,broken clouds,0.0,0.0
285,Novorzhev,RU,57.0294,29.3338,34.95,80,83,7.72,snow,0.0,3.646
286,Ust-Nera,RU,64.5667,143.2,-7.44,91,17,1.14,few clouds,0.0,0.0
287,Broken Hill,AU,-31.95,141.4333,51.8,66,0,6.91,clear sky,0.0,0.0
288,Dunedin,NZ,-45.8742,170.5036,48.99,76,43,7.0,scattered clouds,0.0,0.0
289,Inta,RU,66.0317,60.1659,39.11,75,35,9.8,scattered clouds,0.0,0.0
290,Olafsvik,IS,64.8945,-23.7142,44.94,83,100,16.89,light rain,0.5152,0.0
291,Eyl,SO,7.9803,49.8164,83.57,72,29,8.7,scattered clouds,0.0,0.0
292,Sao Jose Da Coroa Grande,BR,-8.8978,-35.1478,82.78,70,20,8.63,few clouds,0.0,0.0
293,Meulaboh,ID,4.1363,96.1285,76.12,85,100,2.89,overcast clouds,0.0,0.0
294,Kongolo,CD,-5.3833,27.0,72.75,91,99,2.44,overcast clouds,0.0,0.0
295,Half Moon Bay,US,37.4636,-122.4286,61.0,71,75,8.05,broken clouds,0.0,0.0
296,Monrovia,LR,6.3005,-10.7969,87.8,74,40,11.5,scattered clouds,0.0,0.0
297,Fukue,JP,32.6881,128.8419,61.75,80,13,11.56,few clouds,0.0,0.0
298,Petropavlovsk-Kamchatskiy,RU,53.0452,158.6483,33.8,100,90,4.47,overcast clouds,0.0,0.0
299,Taoudenni,ML,22.6783,-3.9836,100.22,7,0,14.0,clear sky,0.0,0.0
300,Puerto Colombia,CO,10.9878,-74.9547,91.4,62,20,12.66,few clouds,0.0,0.0
301,Hvide Sande,DK,56.0045,8.1294,42.01,66,13,21.32,few clouds,0.0,0.0
302,Kamaishi,JP,39.2667,141.8833,52.59,67,100,5.91,overcast clouds,0.0,0.0
303,Tynda,RU,55.1667,124.7167,18.3,96,20,3.15,few clouds,0.0,0.0
304,Zhangjiakou,CN,40.81,114.8794,52.45,67,100,6.38,overcast clouds,0.0,0.0
305,Loandjili,CG,-4.7561,11.8578,82.4,78,20,6.91,few clouds,0.0,0.0
306,Bosaso,SO,11.2842,49.1816,84.97,68,87,5.01,overcast clouds,0.0,0.0
307,Bukama,CD,-9.2,25.85,73.08,85,99,1.01,light rain,0.78,0.0
308,Dingle,PH,10.9995,122.6711,76.37,84,78,1.41,light rain,0.1732,0.0
309,Bend,US,44.0582,-121.3153,51.01,50,90,8.05,overcast clouds,0.0,0.0
310,Xuanzhou,CN,30.9525,118.7553,60.8,90,100,6.89,light rain,0.115,0.0
311,Zhaoqing,CN,23.0512,112.4597,78.01,99,8,1.95,light rain,0.15,0.0
312,Xunchang,CN,28.4543,104.715,64.67,93,100,4.23,light rain,0.154,0.0
313,Berlevag,NO,70.8578,29.0864,34.12,70,100,13.49,overcast clouds,0.0,0.0
314,Nortelandia,BR,-14.4547,-56.8028,86.95,57,44,1.12,scattered clouds,0.0,0.0
315,Batagay,RU,67.6333,134.6333,14.94,92,100,4.16,overcast clouds,0.0,0.0
316,Sosnovo-Ozerskoye,RU,52.5249,111.5418,38.77,21,97,7.76,overcast clouds,0.0,0.0
317,Portland,US,45.5234,-122.6762,50.0,81,90,6.91,moderate rain,1.54,0.0
318,Havre-Saint-Pierre,CA,50.2334,-63.5986,44.6,65,40,16.11,scattered clouds,0.0,0.0
319,Bang Len,TH,14.0219,100.1718,86.0,79,20,5.75,few clouds,0.0,0.0
320,Balaipungut,ID,1.05,101.2833,78.8,89,20,2.37,few clouds,0.0,0.0
321,Lucea,JM,18.451,-78.1736,84.2,70,20,18.41,few clouds,0.0,0.0
322,Fairbanks,US,64.8378,-147.7164,48.2,42,1,4.61,clear sky,0.0,0.0
323,Namatanai,PG,-3.6667,152.4333,78.57,81,55,4.41,broken clouds,0.0,0.0
324,Sambava,MG,-14.2667,50.1667,76.78,86,29,11.43,scattered clouds,0.0,0.0
325,Priiskovyy,RU,51.9333,116.6333,39.24,33,88,3.49,overcast clouds,0.0,0.0
326,San Antero,CO,9.3741,-75.7589,86.38,65,69,9.93,broken clouds,0.0,0.0
327,Imeni Poliny Osipenko,RU,52.4201,136.4853,28.65,59,88,6.46,overcast clouds,0.0,0.0
328,Okhotsk,RU,59.3833,143.3,13.64,72,33,15.84,scattered clouds,0.0,0.0
329,Matara,LK,5.9485,80.5353,78.15,87,84,3.85,broken clouds,0.0,0.0
330,Grindavik,IS,63.8424,-22.4338,46.4,87,75,25.32,heavy intensity rain,9.99,0.0
331,Nanakuli,US,21.3906,-158.1547,75.2,69,1,6.91,clear sky,0.0,0.0
332,Port-Gentil,GA,-0.7193,8.7815,82.4,83,75,8.05,broken clouds,0.0,0.0
333,Ahipara,NZ,-35.1667,173.1667,59.05,82,69,8.79,broken clouds,0.0,0.0
334,Oparino,RU,59.8518,48.2783,43.52,88,97,6.51,overcast clouds,0.0,0.0
335,Kaeo,NZ,-35.1,173.7833,55.0,97,76,1.99,broken clouds,0.0,0.0
336,Pokhara,NP,28.2333,83.9833,71.44,29,97,7.45,overcast clouds,0.0,0.0
337,Camana,PE,-16.6228,-72.7111,71.02,71,86,9.8,overcast clouds,0.0,0.0
338,Rincon,US,32.296,-81.2354,66.2,88,90,11.5,moderate rain,1.33,0.0
339,Camabatela,AO,-8.1881,15.375,63.37,96,94,3.49,overcast clouds,0.0,0.0
340,Fonte Boa,BR,-2.4959,-66.2662,86.47,70,33,6.04,scattered clouds,0.0,0.0
341,Coahuayana,MX,18.7333,-103.6833,86.0,30,40,7.52,scattered clouds,0.0,0.0
342,Agua Verde,MX,22.9,-106.05,86.0,35,75,5.75,broken clouds,0.0,0.0
343,Black River,JM,18.0264,-77.8487,84.2,70,20,18.41,few clouds,0.0,0.0
344,Jibuti,DJ,11.5,42.5,84.2,74,1,14.61,clear sky,0.0,0.0
345,Huarmey,PE,-10.0681,-78.1522,73.33,73,13,11.74,few clouds,0.0,0.0
346,Kasongo-Lunda,CD,-6.4667,16.8167,70.86,93,98,0.87,overcast clouds,0.0,0.0
347,Hovd,MN,48.0056,91.6419,26.91,21,4,17.27,clear sky,0.0,0.0
348,San Patricio,US,28.017,-97.5169,96.8,13,1,17.27,clear sky,0.0,0.0
349,Makoshyne,UA,51.46,32.3396,36.09,72,79,9.15,broken clouds,0.0,0.0
350,Ukiah,US,39.1502,-123.2078,55.4,62,90,6.91,overcast clouds,0.0,0.0
351,Westport,US,41.1415,-73.3579,70.0,30,1,16.11,clear sky,0.0,0.0
352,Pemangkat,ID,1.1667,108.9667,79.18,82,66,4.72,broken clouds,0.0,0.0
353,Lyubar,UA,49.9204,27.7592,37.47,73,72,4.34,broken clouds,0.0,0.0
354,Tangshan,CN,39.6333,118.1833,54.66,59,76,6.87,broken clouds,0.0,0.0
355,Saint-Georges,GD,12.0564,-61.7485,86.0,66,20,28.77,few clouds,0.0,0.0
356,College,US,64.8569,-147.8028,48.2,42,20,0.96,few clouds,0.0,0.0
357,Shimoda,JP,34.6667,138.95,53.01,73,20,4.0,few clouds,0.0,0.0
358,Novyye Gorki,RU,56.7253,41.0601,45.82,90,100,6.85,light rain,0.421,0.0
359,Iqaluit,CA,63.7506,-68.5145,33.8,86,75,2.3,broken clouds,0.0,0.0
360,Pandharpur,IN,17.6667,75.3333,95.02,13,44,7.81,scattered clouds,0.0,0.0
361,Gamba,GA,-2.65,10.0,76.57,85,100,6.62,overcast clouds,0.0,0.0
362,Diffa,NE,13.3154,12.6113,95.09,16,57,12.37,broken clouds,0.0,0.0
363,Haines Junction,CA,60.7522,-137.5108,37.4,48,13,2.8,few clouds,0.0,0.0
364,Lasa,IT,46.6166,10.7002,68.0,35,0,5.75,clear sky,0.0,0.0
365,Privodino,RU,61.0781,46.5044,46.63,76,33,9.35,scattered clouds,0.0,0.0
366,Sorgun,TR,39.8101,35.186,55.87,57,85,8.05,overcast clouds,0.0,0.0
367,Tayu,ID,-6.5397,111.0518,76.8,85,9,5.59,clear sky,0.0,0.0
368,Asau,RO,46.4333,26.4,46.99,45,75,2.3,broken clouds,0.0,0.0
369,Santa Luzia,BR,-19.7697,-43.8514,84.2,37,40,2.3,scattered clouds,0.0,0.0
370,Feijo,BR,-8.1642,-70.3536,82.15,88,36,2.86,scattered clouds,0.0,0.0
371,Northam,GB,51.0333,-4.2167,53.01,48,61,1.99,broken clouds,0.0,0.0
372,Dufftown,GB,57.4333,-3.1333,52.0,76,20,16.11,few clouds,0.0,0.0
373,Grenfell,AU,-33.9,148.1667,41.99,85,0,2.3,clear sky,0.0,0.0
374,Kailua,US,21.4022,-157.7394,78.8,68,20,11.5,few clouds,0.0,0.0
375,Vao,NC,-22.6667,167.4833,76.03,67,100,11.48,light rain,0.1,0.0
376,Margate,GB,51.3813,1.3862,48.0,70,45,5.01,scattered clouds,0.0,0.0
377,Cockburn Town,TC,21.4612,-71.1419,84.2,61,40,13.8,scattered clouds,0.0,0.0
378,Mildura,AU,-34.2,142.15,50.0,81,2,6.91,clear sky,0.0,0.0
379,Katobu,ID,-4.9408,122.5276,74.8,91,15,3.27,few clouds,0.0,0.0
380,Klyuchi,RU,52.2667,79.1667,40.69,41,2,1.52,clear sky,0.0,0.0
381,Carutapera,BR,-1.195,-46.02,82.71,76,95,6.89,overcast clouds,0.0,0.0
382,Hit,IQ,33.6416,42.8251,86.99,10,72,6.96,broken clouds,0.0,0.0
383,Redencao,BR,-4.2258,-38.7306,87.01,74,75,16.11,broken clouds,0.0,0.0
384,Guatire,VE,10.4762,-66.5427,87.8,66,20,4.61,few clouds,0.0,0.0
385,Grand Haven,US,43.0631,-86.2284,53.6,58,90,8.05,overcast clouds,0.0,0.0
386,Oum Hadjer,TD,13.2954,19.6966,96.73,11,94,9.82,overcast clouds,0.0,0.0
387,Nova Iguacu,BR,-22.7592,-43.4511,78.8,65,20,16.11,few clouds,0.0,0.0
388,Porto Walter,BR,-8.2686,-72.7439,89.85,53,27,5.37,scattered clouds,0.0,0.0
389,Manicore,BR,-5.8092,-61.3003,88.07,65,77,3.51,broken clouds,0.0,0.0
390,Pandan,PH,14.0453,124.1694,77.43,84,42,4.41,scattered clouds,0.0,0.0
391,Alamos,MX,27.0167,-108.9333,89.01,30,4,5.32,clear sky,0.0,0.0
392,Kemijarvi,FI,66.7131,27.4306,33.53,96,100,7.47,overcast clouds,0.0,0.0
393,Linhares,BR,-19.3911,-40.0722,79.66,67,48,5.99,scattered clouds,0.0,0.0
394,Ojinaga,MX,29.5667,-104.4167,78.8,12,1,5.75,clear sky,0.0,0.0
395,Acu,BR,-5.5767,-36.9086,95.0,49,40,4.61,scattered clouds,0.0,0.0
396,Elizabeth City,US,36.2946,-76.2511,66.2,48,20,8.05,few clouds,0.0,0.0
397,Krasnoufimsk,RU,56.6059,57.7669,41.61,76,99,8.12,overcast clouds,0.0,0.0
398,Yerbogachen,RU,61.2767,108.0108,29.07,95,100,1.7,overcast clouds,0.0,0.0
399,Lingao,CN,19.9103,109.6859,78.57,84,25,10.56,scattered clouds,0.0,0.0
400,Egvekinot,RU,66.3167,-179.1667,17.85,89,94,0.78,overcast clouds,0.0,0.0
401,The Valley,AI,18.217,-63.0578,86.0,65,20,14.97,few clouds,0.0,0.0
402,Zyryanovsk,KZ,49.7386,84.2719,31.57,76,76,2.01,broken clouds,0.0,0.0
403,Sur,OM,22.5667,59.5289,87.75,38,0,10.2,clear sky,0.0,0.0
404,Padang,ID,-0.9492,100.3543,77.18,87,97,2.57,light rain,0.133,0.0
405,Aleksandrov Gay,RU,50.147,48.5704,52.03,84,70,14.38,broken clouds,0.0,0.0
406,Manggar,ID,-2.8833,108.2667,81.0,75,38,6.58,scattered clouds,0.0,0.0
407,Klaksvik,FO,62.2266,-6.589,50.0,57,98,4.61,overcast clouds,0.0,0.0
408,Barra Do Garcas,BR,-15.89,-52.2567,89.6,43,0,6.91,clear sky,0.0,0.0
409,Salinopolis,BR,-0.6136,-47.3561,82.15,79,100,7.09,overcast clouds,0.0,0.0
410,Vavoua,CI,7.3819,-6.4778,87.12,56,96,3.29,overcast clouds,0.0,0.0
411,Honningsvag,NO,70.9821,25.9704,32.09,87,100,24.02,light snow,0.0,0.1
412,Nyagan,RU,62.1406,65.3936,42.58,94,100,2.48,overcast clouds,0.0,0.0
413,Port Shepstone,ZA,-30.7414,30.455,69.31,84,19,11.61,light rain,0.4,0.0
414,Konevo,RU,62.1215,39.3192,48.33,75,96,7.78,overcast clouds,0.0,0.0
415,San Narciso,PH,15.0143,120.0803,77.0,88,20,4.61,few clouds,0.0,0.0
416,Pafos,CY,34.7667,32.4167,66.2,88,0,8.05,clear sky,0.0,0.0
417,Karlstad,SE,59.3793,13.5036,39.2,52,94,5.75,overcast clouds,0.0,0.0
418,Sao Lourenco Do Sul,BR,-31.3653,-51.9783,77.0,61,20,2.3,few clouds,0.0,0.0
419,Gomel,BY,52.4345,30.9754,37.4,81,75,13.42,broken clouds,0.0,0.0
420,Aguimes,ES,27.9054,-15.4461,71.01,73,75,10.36,broken clouds,0.0,0.0
421,Tabuk,PH,17.4189,121.4443,71.33,88,48,3.62,scattered clouds,0.0,0.0
422,Mashhad,IR,36.297,59.6062,68.0,42,0,4.61,clear sky,0.0,0.0
423,Yangjiang,CN,21.85,111.9667,76.05,89,20,5.7,few clouds,0.0,0.0
424,Lavrentiya,RU,65.5833,-171.0,24.33,93,85,2.59,overcast clouds,0.0,0.0
425,Winnemucca,US,40.973,-117.7357,57.2,24,90,18.41,overcast clouds,0.0,0.0
426,Bilma,NE,18.6853,12.9164,95.59,8,12,10.42,few clouds,0.0,0.0
427,Oktyabrskiy,RU,54.4815,53.471,42.39,93,100,4.76,light rain,0.205,0.0
428,Ubinskoye,RU,55.3068,79.6802,37.98,70,61,3.38,broken clouds,0.0,0.0
429,Whitianga,NZ,-36.8333,175.7,53.01,97,19,7.54,few clouds,0.0,0.0
430,Mangrol,IN,21.1167,70.1167,81.12,80,100,11.81,overcast clouds,0.0,0.0
431,Sturgis,US,41.7992,-85.4192,50.0,93,90,3.44,light rain,0.87,0.0
432,Okha,RU,53.5739,142.9478,22.91,85,18,10.07,few clouds,0.0,0.0
433,Talnakh,RU,69.4865,88.3972,30.56,97,100,11.05,light snow,0.0,0.29
434,Novouzensk,RU,50.4592,48.1431,52.5,77,72,17.07,broken clouds,0.0,0.0
435,Bacong,PH,9.2464,123.2956,78.8,85,85,4.76,overcast clouds,0.0,0.0
436,Bubaque,GW,11.2833,-15.8333,78.35,70,6,21.72,clear sky,0.0,0.0
437,Los Llanos De Aridane,ES,28.6585,-17.9182,71.6,60,20,4.61,few clouds,0.0,0.0
438,Salalah,OM,17.0151,54.0924,82.29,75,27,6.98,scattered clouds,0.0,0.0
439,Madera,US,37.1666,-119.8343,62.01,57,98,1.99,overcast clouds,0.0,0.0
440,Gari,RU,59.4307,62.3497,41.41,80,100,7.96,overcast clouds,0.0,0.0
441,Vostok,RU,46.4856,135.8833,29.03,44,57,10.76,broken clouds,0.0,0.0
442,Preston,GB,53.7667,-2.7167,62.01,48,20,16.11,few clouds,0.0,0.0
443,Watford,GB,51.6553,-0.396,59.0,38,0,13.8,clear sky,0.0,0.0
444,Gwadar,PK,25.1216,62.3254,81.81,77,25,8.7,scattered clouds,0.0,0.0
445,Adrar,MR,20.5022,-10.0711,96.28,9,2,13.02,clear sky,0.0,0.0
446,Bentiu,SS,9.2333,29.8333,85.89,49,68,5.73,broken clouds,0.0,0.0
447,Artyom,AZ,40.4723,50.333,57.2,77,40,4.61,scattered clouds,0.0,0.0
448,Ocos,GT,14.5094,-92.1933,86.0,69,90,11.5,overcast clouds,0.0,0.0
449,Natal,BR,-5.795,-35.2094,84.2,74,75,14.97,broken clouds,0.0,0.0
450,Sheridan,US,44.8333,-106.9173,46.99,57,40,8.05,scattered clouds,0.0,0.0
451,Kabare,CD,-2.4683,28.8242,62.87,95,81,1.74,moderate rain,1.41,0.0
452,Usvyaty,RU,55.7456,30.7533,33.82,80,96,5.5,light snow,0.0,0.21139999999999998
453,Peleduy,RU,59.6289,112.7406,21.85,97,100,2.44,overcast clouds,0.0,0.0
454,Carballo,ES,43.213,-8.691,64.4,82,20,4.61,few clouds,0.0,0.0
455,Belmonte,BR,-15.8631,-38.8828,82.4,69,40,13.8,scattered clouds,0.0,0.0
456,Matamoros,MX,25.5333,-103.25,82.4,5,20,5.68,few clouds,0.0,0.0
457,Los Alamos,US,35.8881,-106.307,64.0,21,1,16.11,clear sky,0.0,0.0
458,Gorontalo,ID,0.5412,123.0595,74.17,91,50,2.48,scattered clouds,0.0,0.0
459,Mercedes,AR,-34.6515,-59.4307,73.0,52,5,4.0,clear sky,0.0,0.0
460,Dharchula,IN,29.85,80.5333,59.88,51,74,8.1,broken clouds,0.0,0.0
461,Mao,ES,39.8885,4.2658,62.6,59,0,10.36,clear sky,0.0,0.0
462,Dzitbalche,MX,20.3167,-90.05,97.29,33,100,9.22,overcast clouds,0.0,0.0
463,Beloye,UA,48.4952,39.0505,47.14,62,80,10.4,broken clouds,0.0,0.0
464,Qandala,SO,11.472,49.8728,86.38,63,91,5.26,overcast clouds,0.0,0.0
465,Khurja,IN,28.25,77.85,78.64,14,0,7.27,clear sky,0.0,0.0
466,Tazovskiy,RU,67.4667,78.7,31.28,93,100,8.93,overcast clouds,0.0,0.0
467,Camacupa,AO,-12.0167,17.4833,68.23,56,94,1.57,overcast clouds,0.0,0.0
468,Kroya,ID,-7.6331,109.2461,77.9,78,23,3.33,few clouds,0.0,0.0
469,Khash,IR,28.2211,61.2158,74.12,7,22,4.61,few clouds,0.0,0.0
470,Moose Factory,CA,51.2585,-80.6094,24.8,68,90,9.22,overcast clouds,0.0,0.0
471,Dudinka,RU,69.4058,86.1778,31.39,95,99,15.82,overcast clouds,0.0,0.0
472,Gazojak,TM,41.1875,61.4036,68.79,25,3,17.98,clear sky,0.0,0.0
473,Songwa,TZ,-3.5167,33.5167,72.68,63,37,5.01,scattered clouds,0.0,0.0
474,Mago,RU,53.2514,140.1822,22.05,95,17,1.68,few clouds,0.0,0.0
475,San Cristobal,VE,7.7669,-72.225,89.6,55,40,13.8,scattered clouds,0.0,0.0
476,Kidal,ML,18.4411,1.4078,97.79,5,0,8.34,clear sky,0.0,0.0
477,Kiunga,PG,-6.1219,141.2906,73.29,99,100,2.91,moderate rain,2.4412,0.0
478,Kathu,TH,7.9178,98.3332,87.01,83,20,5.75,few clouds,0.0,0.0
479,Berberati,CF,4.2612,15.7922,73.74,77,49,3.44,scattered clouds,0.0,0.0
480,Enshi,CN,30.3,109.4833,57.16,93,100,2.82,light rain,0.178,0.0
481,Soto La Marina,MX,23.7667,-98.2167,91.99,53,21,14.0,few clouds,0.0,0.0
482,Praia,CV,14.9215,-23.5087,75.2,57,75,19.57,broken clouds,0.0,0.0
483,Ojhar,IN,20.1,73.9333,84.06,36,100,6.6,overcast clouds,0.0,0.0
484,Warrington,GB,53.3925,-2.5802,64.4,39,50,11.5,scattered clouds,0.0,0.0
485,Oltedal,NO,58.831,6.0466,44.01,67,11,5.99,few clouds,0.0,0.0
486,Conde,BR,-7.2597,-34.9075,82.4,78,75,11.5,broken clouds,0.0,0.0
487,Batouri,CM,4.4333,14.3667,72.21,80,86,3.11,overcast clouds,0.0,0.0
488,Henties Bay,NA,-22.116,14.2845,65.34,82,3,7.05,clear sky,0.0,0.0
489,San Jeronimo,PE,-11.9472,-75.2829,63.3,45,8,2.73,clear sky,0.0,0.0
490,Roebourne,AU,-20.7833,117.1333,79.45,41,0,6.22,clear sky,0.0,0.0
491,Yokadouma,CM,3.5167,15.05,74.97,78,95,2.73,overcast clouds,0.0,0.0
492,Yeniseysk,RU,58.4497,92.1703,32.4,97,100,2.06,overcast clouds,0.0,0.0
493,Griffith,US,41.5284,-87.4237,52.0,87,90,1.07,overcast clouds,0.0,0.0
494,Grafton,US,42.207,-71.6856,72.0,22,20,16.11,few clouds,0.0,0.0
495,North Bend,US,43.4065,-124.2243,55.0,76,90,10.36,overcast clouds,0.0,0.0
496,Oistins,BB,13.0667,-59.5333,86.0,54,20,19.57,few clouds,0.0,0.0
497,Lieksa,FI,63.3167,30.0167,36.39,88,100,4.38,overcast clouds,0.0,0.0
498,Arrifes,PT,37.7667,-25.7,59.0,88,75,17.27,broken clouds,0.0,0.0
499,Bardsir,IR,29.9227,56.5743,69.8,30,75,4.61,broken clouds,0.0,0.0
500,Cacimbinhas,BR,-9.4003,-36.9903,82.31,67,76,9.86,broken clouds,0.0,0.0
501,Krasnyy Chikoy,RU,50.3643,108.7512,44.92,58,100,3.47,light rain,0.5012,0.0
502,Eureka,US,40.8021,-124.1637,54.0,88,100,8.01,overcast clouds,0.0,0.0
503,Dongsheng,CN,39.8161,109.9776,49.41,70,100,13.49,light rain,0.865,0.0
504,Rio Das Ostras,BR,-22.5269,-41.945,82.4,73,20,12.66,few clouds,0.0,0.0
505,Kitimat,CA,54.0524,-128.6534,59.0,41,93,5.28,overcast clouds,0.0,0.0
506,Port Stanley,FK,-51.7,-57.85,50.0,76,75,12.66,broken clouds,0.0,0.0
507,Yenagoa,NG,4.9247,6.2642,79.7,76,100,5.41,overcast clouds,0.0,0.0
508,Alibag,IN,18.6411,72.8792,84.2,79,40,5.75,haze,0.0,0.0
509,Shawinigan,CA,46.5668,-72.7491,64.4,31,83,8.05,broken clouds,0.0,0.0
510,Coxim,BR,-18.5067,-54.76,97.03,19,73,5.37,broken clouds,0.0,0.0
511,Cavalcante,BR,-13.7975,-47.4583,84.02,48,36,2.55,scattered clouds,0.0,0.0
512,Marawi,PH,7.9986,124.2928,77.0,89,57,5.99,broken clouds,0.0,0.0
513,Chumikan,RU,54.7183,135.315,24.13,74,81,9.31,broken clouds,0.0,0.0
514,Bocas Del Toro,PA,9.3333,-82.25,77.0,51,78,1.01,broken clouds,0.0,0.0
515,Polevskoy,RU,56.4422,60.1878,48.2,31,0,11.18,clear sky,0.0,0.0
516,Ossora,RU,59.2353,163.0719,29.8,98,100,3.06,light snow,0.0,0.4
517,Gurupi,BR,-11.7292,-49.0686,88.7,52,7,1.86,clear sky,0.0,0.0
518,Bima,ID,-8.4667,118.7167,73.78,94,35,3.24,scattered clouds,0.0,0.0
519,Pangnirtung,CA,66.1451,-65.7125,33.8,75,20,5.75,few clouds,0.0,0.0
520,Dawei,MM,14.0833,98.2,78.62,89,97,0.49,overcast clouds,0.0,0.0
521,Coshocton,US,40.272,-81.8596,59.0,45,100,1.01,overcast clouds,0.0,0.0
522,Hoi An,VN,15.8794,108.335,80.6,94,40,1.14,scattered clouds,0.0,0.0
523,Pacific Grove,US,36.6177,-121.9166,60.8,55,40,6.91,scattered clouds,0.0,0.0
524,Smithers,CA,54.7804,-127.1743,46.4,36,20,5.75,few clouds,0.0,0.0
525,Marsh Harbour,BS,26.5412,-77.0636,76.6,71,100,15.88,overcast clouds,0.0,0.0
526,Mango,US,27.9797,-82.3065,89.01,58,75,17.27,broken clouds,0.0,0.0
527,Ixtapa,MX,20.7,-105.2,82.4,57,75,9.22,broken clouds,0.0,0.0
528,Kalmunai,LK,7.4167,81.8167,80.71,75,43,3.13,scattered clouds,0.0,0.0
529,Yakeshi,CN,49.2833,120.7333,38.55,36,54,3.02,broken clouds,0.0,0.0
530,Sabha,LY,27.0377,14.4283,83.21,20,2,14.36,clear sky,0.0,0.0
531,Manor,IN,19.75,72.9167,82.85,69,100,4.21,overcast clouds,0.0,0.0
532,Cap Malheureux,MU,-19.9842,57.6142,79.0,82,99,10.0,overcast clouds,0.0,0.0
533,Vanimo,PG,-2.6741,141.3028,76.48,89,90,3.69,overcast clouds,0.0,0.0
534,Kamenka,RU,51.3223,42.7678,42.01,78,76,13.18,broken clouds,0.0,0.0
535,Terney,RU,45.0503,136.6092,36.55,69,8,7.78,clear sky,0.0,0.0
536,Aichach,DE,48.4576,11.1341,62.6,33,0,4.61,clear sky,0.0,0.0
537,Manjacaze,MZ,-24.7117,33.8828,68.04,76,2,6.06,clear sky,0.0,0.0
538,Bilibino,RU,68.0546,166.4372,22.6,95,100,1.88,light snow,0.0,0.33
539,Prince Rupert,CA,54.3161,-130.3201,50.0,76,20,4.61,few clouds,0.0,0.0
540,Guanica,PR,17.9716,-66.908,84.99,54,75,8.01,broken clouds,0.0,0.0
541,Aykhal,RU,66.0,111.5,22.26,96,86,6.96,overcast clouds,0.0,0.0
542,Igrim,RU,63.1906,64.4162,43.63,81,86,4.79,overcast clouds,0.0,0.0
543,Touros,BR,-5.1989,-35.4608,84.2,70,40,16.11,scattered clouds,0.0,0.0
544,Payo,ID,-3.7508,103.6372,75.11,88,100,1.9,overcast clouds,0.0,0.0
545,Mirpur Mathelo,PK,28.0227,69.5489,86.7,18,0,6.89,clear sky,0.0,0.0
546,Andra,RU,62.5147,65.8878,41.27,89,88,4.59,overcast clouds,0.0,0.0
547,Husavik,IS,66.0449,-17.3389,51.8,62,0,10.36,clear sky,0.0,0.0
548,Ugoofaaru,MV,5.6667,73.0,83.8,72,20,5.84,few clouds,0.0,0.0
549,Rio Grande,BR,-32.035,-52.0986,77.0,61,20,2.3,few clouds,0.0,0.0
550,Plettenberg Bay,ZA,-34.0527,23.3716,61.57,89,100,3.71,overcast clouds,0.0,0.0
551,Vasvar,HU,47.0493,16.7995,60.8,36,0,4.61,clear sky,0.0,0.0
552,Prince George,CA,53.9166,-122.753,46.0,31,1,13.8,clear sky,0.0,0.0
553,Nicolas De Pierola,PE,-11.95,-76.7,69.8,73,40,8.05,scattered clouds,0.0,0.0
554,Pangody,RU,65.85,74.4859,30.24,89,98,4.18,overcast clouds,0.0,0.0
555,Narang,PK,31.9132,74.5176,77.0,41,0,4.61,clear sky,0.0,0.0
556,Zhob,PK,31.3411,69.4481,70.47,32,1,0.6,clear sky,0.0,0.0
557,Kerava,FI,60.4034,25.105,36.0,100,20,4.61,few clouds,0.0,0.0
558,Kirakira,SB,-10.4544,161.9205,78.82,82,99,1.68,overcast clouds,0.0,0.0
559,Pinega,RU,64.7001,43.3936,50.34,61,96,8.08,overcast clouds,0.0,0.0
560,Ayaviri,PE,-14.8864,-70.5889,58.59,36,31,16.78,scattered clouds,0.0,0.0
561,Gambo,CF,4.6482,22.2633,73.09,81,100,2.17,light rain,0.23,0.0
562,Young,UY,-32.6833,-57.6333,73.0,69,100,5.01,overcast clouds,0.0,0.0
563,Ranong,TH,9.9658,98.6348,79.38,86,98,7.16,overcast clouds,0.0,0.0
564,Beisfjord,NO,68.3751,17.5988,33.8,80,40,9.22,light snow,0.0,0.12
565,Heilbronn,DE,49.1403,9.22,54.0,46,63,3.0,broken clouds,0.0,0.0
566,Taybad,IR,34.74,60.7756,69.75,26,76,16.28,broken clouds,0.0,0.0
567,Jadu,LY,31.953,12.0261,56.73,64,0,12.06,clear sky,0.0,0.0
568,Yining,CN,29.0361,114.5636,60.8,95,100,4.36,overcast clouds,0.0,0.0
569,Bonavista,CA,48.6499,-53.1147,50.0,53,77,11.5,broken clouds,0.0,0.0
570,Ancud,CL,-41.8697,-73.8203,62.01,72,75,11.5,broken clouds,0.0,0.0
571,Altay,CN,47.8667,88.1167,25.65,58,89,5.35,overcast clouds,0.0,0.0
572,Sao Jose Do Belmonte,BR,-7.8614,-38.7597,90.72,32,53,6.73,broken clouds,0.0,0.0
573,Goundam,ML,16.4145,-3.6708,101.01,7,83,2.3,broken clouds,0.0,0.0
574,Tautira,PF,-17.7333,-149.15,80.6,69,75,5.75,light rain,0.11,0.0
575,Tual,ID,-5.6667,132.75,84.61,66,100,16.15,overcast clouds,0.0,0.0
576,Riyadh,SA,24.6877,46.7219,95.0,13,0,10.27,clear sky,0.0,0.0
577,Hami,CN,42.8,93.45,50.92,20,37,1.99,scattered clouds,0.0,0.0
578,Havoysund,NO,70.9963,24.6622,30.2,80,100,11.5,light snow,0.0,0.0
579,Menongue,AO,-14.6585,17.691,68.99,44,83,3.38,broken clouds,0.0,0.0
580,Kachug,RU,53.9606,105.8817,34.68,99,100,2.01,snow,0.0,1.19
581,Hukuntsi,BW,-24.0,21.75,69.78,22,0,5.35,clear sky,0.0,0.0
582,Guru Har Sahai,IN,30.7167,74.4167,76.33,21,0,2.57,clear sky,0.0,0.0
583,Romitan,UZ,39.9343,64.3814,68.0,32,0,1.97,clear sky,0.0,0.0
584,Verkhnevilyuysk,RU,63.4453,120.3167,31.5,94,92,5.03,overcast clouds,0.0,0.0
585,Carbondale,US,37.7273,-89.2168,53.6,100,90,9.22,moderate rain,2.0,0.0
586,Colac,AU,-38.3333,143.5833,51.01,99,85,3.69,overcast clouds,0.0,0.0
587,Birao,CF,10.2849,22.7882,87.31,38,74,4.07,broken clouds,0.0,0.0
588,Sao Filipe,CV,14.8961,-24.4956,71.96,74,60,14.83,broken clouds,0.0,0.0
589,Elk City,US,35.412,-99.4043,64.4,48,1,8.05,clear sky,0.0,0.0
590,Koumac,NC,-20.5667,164.2833,76.06,87,100,11.86,overcast clouds,0.0,0.0
591,Los Andes,CL,-32.8337,-70.5983,69.8,40,0,8.05,clear sky,0.0,0.0
592,Blagoyevo,RU,63.3667,47.9167,46.96,64,34,7.11,scattered clouds,0.0,0.0
593,Mahibadhoo,MV,3.7833,72.9667,83.71,73,43,7.87,scattered clouds,0.0,0.0
594,Parry Sound,CA,45.3501,-80.033,50.0,57,30,6.33,scattered clouds,0.0,0.0
595,Saint-Francois,FR,46.4154,3.9054,71.6,37,0,9.22,clear sky,0.0,0.0
596,Tabou,CI,4.423,-7.3528,83.14,77,96,10.16,overcast clouds,0.0,0.0
597,Port Augusta,AU,-32.5,137.7667,57.2,88,0,5.75,clear sky,0.0,0.0
598,Piranhas,BR,-16.4269,-51.8222,87.26,30,22,2.91,few clouds,0.0,0.0
599,Forestville,US,38.8451,-76.875,66.0,32,75,11.5,broken clouds,0.0,0.0
600,Yuzhno-Kurilsk,RU,44.0306,145.8556,34.77,94,100,9.6,light snow,0.0,0.3394
601,Oskarshamn,SE,57.2645,16.4484,41.0,54,90,1.01,overcast clouds,0.0,0.0
602,Fort Nelson,CA,58.8053,-122.7002,37.4,44,20,6.91,few clouds,0.0,0.0
603,Labuhan,ID,-6.8844,112.2051,77.77,83,63,5.82,light rain,0.115,0.0
604,Karwar,IN,14.8,74.1333,79.97,68,0,4.94,clear sky,0.0,0.0
605,Hohhot,CN,40.8106,111.6522,55.4,58,0,6.71,clear sky,0.0,0.0
606,Souillac,MU,-20.5167,57.5167,78.8,83,75,17.27,light rain,0.38,0.0
607,Werota,ET,11.9167,37.7,70.68,53,73,2.17,light rain,0.17,0.0
608,Bandarbeyla,SO,9.4942,50.8122,83.62,75,60,9.57,broken clouds,0.0,0.0
609,Contamana,PE,-7.3333,-75.0167,92.7,44,19,5.82,few clouds,0.0,0.0
610,Vila Velha,BR,-20.3297,-40.2925,81.0,65,20,11.5,few clouds,0.0,0.0
611,Mecca,SA,21.4267,39.8261,88.25,29,28,2.59,scattered clouds,0.0,0.0
612,Clinton,US,42.587,-82.9199,63.0,48,90,11.5,overcast clouds,0.0,0.0
613,Hualmay,PE,-11.0964,-77.6139,72.45,72,17,10.18,few clouds,0.0,0.0
614,Celestun,MX,20.8667,-90.4,89.56,54,97,5.95,overcast clouds,0.0,0.0
615,Jardim,BR,-21.4803,-56.1381,94.8,23,93,7.29,overcast clouds,0.0,0.0
616,Stawell,AU,-37.05,142.7667,46.98,93,65,1.68,broken clouds,0.0,0.0
617,Yola,NG,9.2,12.4833,84.31,56,97,8.46,moderate rain,1.11,0.0
618,San Bartolome De Tirajana,ES,27.9248,-15.5733,71.6,64,75,2.3,broken clouds,0.0,0.0
619,Garoua,CM,9.3,13.4,77.0,88,75,21.85,moderate rain,1.21,0.0
620,San Luis,AR,-33.295,-66.3356,68.38,41,25,10.51,scattered clouds,0.0,0.0
621,Kerrobert,CA,51.9168,-109.1348,39.2,26,40,10.36,scattered clouds,0.0,0.0
622,Canete,CL,-37.8,-73.4,63.25,49,4,8.93,clear sky,0.0,0.0
623,Nangong,CN,37.3581,115.3744,54.34,74,100,8.21,overcast clouds,0.0,0.0
624,Taltal,CL,-25.4,-70.4833,64.15,75,22,4.5,few clouds,0.0,0.0
625,Skelleftea,SE,64.7507,20.9528,33.01,80,90,16.11,overcast clouds,0.0,0.0
626,Lata,PT,40.1629,-8.3327,66.0,88,100,5.68,overcast clouds,0.0,0.0
627,Jumla,NP,29.2747,82.1838,45.18,70,61,5.35,broken clouds,0.0,0.0
628,Flinders,AU,-34.5833,150.8552,52.0,80,12,1.01,few clouds,0.0,0.0
629,Guadalupe Y Calvo,MX,26.1,-106.9667,71.01,4,0,8.88,clear sky,0.0,0.0
630,Chengde,CN,40.9725,117.9361,51.78,65,55,2.73,broken clouds,0.0,0.0
631,Yar-Sale,RU,66.8333,70.8333,27.03,93,94,3.71,overcast clouds,0.0,0.0
632,Upata,VE,8.0086,-62.3989,90.0,61,91,5.99,overcast clouds,0.0,0.0
633,Jining,CN,35.405,116.5814,56.62,70,100,10.2,light rain,0.1536,0.0
634,Warrnambool,AU,-38.3833,142.4833,51.01,95,100,8.12,overcast clouds,0.0,0.0
635,Umm Lajj,SA,25.0213,37.2685,82.06,55,0,4.36,clear sky,0.0,0.0
636,Kiama,AU,-34.6833,150.8667,52.0,77,6,1.99,clear sky,0.0,0.0
637,Myitkyina,MM,25.3833,97.4,76.51,43,21,1.99,few clouds,0.0,0.0
638,Anadyr,RU,64.75,177.4833,30.2,100,75,15.66,light snow,0.0,0.13
639,Coihaique,CL,-45.5752,-72.0662,55.4,67,75,3.44,broken clouds,0.0,0.0
640,San Quintin,MX,30.4833,-115.95,63.27,67,65,15.03,broken clouds,0.0,0.0
641,Vuktyl,RU,63.8567,57.3094,44.96,76,97,9.24,overcast clouds,0.0,0.0
642,Codo,BR,-4.4553,-43.8856,87.98,60,95,3.09,overcast clouds,0.0,0.0
643,Akyab,MM,20.15,92.9,81.79,77,53,10.54,broken clouds,0.0,0.0
644,Duekoue,CI,6.7472,-7.3496,85.77,62,48,3.09,scattered clouds,0.0,0.0
645,Naze,JP,28.3667,129.4833,64.17,71,97,19.95,overcast clouds,0.0,0.0
646,Sao Jose De Piranhas,BR,-7.1206,-38.5019,90.75,38,78,3.11,broken clouds,0.0,0.0
647,Havelock,US,34.8791,-76.9013,64.99,68,75,4.61,broken clouds,0.0,0.0
648,Kuzhener,RU,56.8111,48.9128,42.93,93,100,11.23,overcast clouds,0.0,0.0
649,Kardla,EE,58.9978,22.7492,36.0,90,100,10.0,light rain,0.17,0.0
650,Laguna,US,38.421,-121.4238,64.0,55,90,10.36,overcast clouds,0.0,0.0
651,Darlawn,IN,24.0167,92.9,64.44,39,4,3.24,clear sky,0.0,0.0
652,Marrakesh,MA,31.6315,-8.0083,71.6,49,75,13.8,broken clouds,0.0,0.0
653,Baghdad,IQ,33.3406,44.4009,84.2,18,0,3.44,clear sky,0.0,0.0
654,Jiblah,YE,13.9216,44.1467,64.87,62,74,1.9,broken clouds,0.0,0.0
655,Maxixe,MZ,-23.8597,35.3472,70.56,81,0,6.82,clear sky,0.0,0.0
656,Cervo,ES,43.6702,-7.4101,62.01,82,97,4.0,overcast clouds,0.0,0.0
657,Kushmurun,KZ,52.4503,64.6311,49.95,41,100,14.34,overcast clouds,0.0,0.0
658,Changji,CN,44.0167,87.3167,37.4,48,0,4.47,clear sky,0.0,0.0
659,Gardelegen,DE,52.5252,11.3952,53.6,37,0,8.05,clear sky,0.0,0.0
660,Huntsville,US,34.7304,-86.5861,64.99,82,90,10.36,overcast clouds,0.0,0.0
661,Tateyama,JP,34.9833,139.8667,60.01,69,25,8.99,scattered clouds,0.0,0.0
662,Sechura,PE,-5.5569,-80.8222,80.35,56,19,12.19,few clouds,0.0,0.0
663,Tolmachevo,RU,54.9824,82.7363,41.0,44,0,6.71,clear sky,0.0,0.0
664,Manga,BF,11.6636,-1.0731,102.04,14,59,3.74,broken clouds,0.0,0.0
665,Brumunddal,NO,60.881,10.9395,39.0,62,89,1.01,overcast clouds,0.0,0.0
666,Shu,KZ,43.5983,73.7614,47.23,33,100,4.34,overcast clouds,0.0,0.0
667,Inhambane,MZ,-23.865,35.3833,71.89,79,0,8.01,clear sky,0.0,0.0
668,Cortez,US,37.3489,-108.5859,66.2,16,1,19.57,clear sky,0.0,0.0
669,Chanika,TZ,-5.4167,38.0167,68.68,97,37,3.6,light rain,0.29,0.0
670,Gravdal,NO,68.1214,13.5031,36.09,67,79,17.78,broken clouds,0.0,0.0
671,Ondjiva,AO,-17.0667,15.7333,71.56,33,66,4.79,broken clouds,0.0,0.0
672,Biltine,TD,14.5333,20.9167,94.26,9,69,8.14,broken clouds,0.0,0.0
673,Ust-Kuyga,RU,70.0167,135.6,22.01,95,100,10.09,light snow,0.0,0.15
674,Hofn,IS,64.2539,-15.2082,47.01,80,100,5.93,overcast clouds,0.0,0.0
675,Mednogorsk,RU,51.4128,57.595,44.28,96,100,12.03,overcast clouds,0.0,0.0
676,Tamala,RU,52.541,43.2515,40.82,78,95,15.52,overcast clouds,0.0,0.0
677,Rocha,UY,-34.4833,-54.3333,67.73,86,100,9.06,overcast clouds,0.0,0.0
678,Verkhoyansk,RU,67.5447,133.385,17.67,93,100,5.14,overcast clouds,0.0,0.0
679,Pervomayskiy,RU,53.2485,40.2871,39.0,73,100,15.61,overcast clouds,0.0,0.0
680,Komsomolskiy,UZ,40.4272,71.7189,64.4,36,100,4.61,overcast clouds,0.0,0.0
681,San Andres,CO,12.5847,-81.7006,87.8,58,20,11.5,few clouds,0.0,0.0
682,Siguiri,GN,11.6667,-9.5,98.1,22,77,1.45,broken clouds,0.0,0.0
683,Sooke,CA,48.3746,-123.7276,48.0,92,100,4.61,light rain,0.49,0.0
